vl_to_inf_model,baloxavir_transmission_effect,p0,p1,p2
logit,0.29,685.0224070237842,3.5742101954678223,0.1304283552843014
hill,0.29,5.688402622511931,1.0,
negexp,0.29,3.384742434850379,,
